set_number,features,best_eps,best_min_samples,best_silhouette_score,top10_eps,top10_min_samples,top10_eps_min,top10_eps_max,top10_min_samples_min,top10_min_samples_max
2003,"['OCC_YEAR', 'OCC_DAY', 'OCC_DOY', 'DIV_HOOD_Hier', 'LOCATION_Freq']",2.0,5.0,0.43520716741846716,"[np.int64(2), np.int64(2), np.int64(2), np.int64(1), np.int64(1), np.int64(1)]","[5, 10, 15, 15, 10, 5]",1.0,2.0,5.0,15.0
2004,"['OCC_YEAR', 'OCC_DAY', 'OCC_DOY', 'DIV_HOOD_Hier', 'PREMISES_Freq']",2.0,5.0,0.4344634291175749,"[np.int64(2), np.int64(2), np.int64(2), np.int64(1), np.int64(1), np.int64(1)]","[5, 10, 15, 5, 10, 15]",1.0,2.0,5.0,15.0
2005,"['OCC_YEAR', 'OCC_DAY', 'OCC_DOY', 'DIV_HOOD_Hier', 'Loca_Premi_Freq']",2.0,5.0,0.43715985879200625,"[np.int64(2), np.int64(2), np.int64(2), np.int64(1), np.int64(1), np.int64(1)]","[5, 10, 15, 5, 10, 15]",1.0,2.0,5.0,15.0
2006,"['OCC_YEAR', 'OCC_DAY', 'OCC_DOY', 'LONG_LAT_PCA']",,,,,,,,,
2007,"['OCC_YEAR', 'OCC_DAY', 'OCC_DOY', 'LONG_LAT_PCA', 'LOCATION_Freq']",1.0,5.0,0.10935301552205731,"[np.int64(1), np.int64(1), np.int64(1)]","[5, 15, 10]",1.0,1.0,5.0,15.0
2008,"['OCC_YEAR', 'OCC_DAY', 'OCC_DOY', 'LONG_LAT_PCA', 'PREMISES_Freq']",1.0,15.0,0.10167064592878966,"[np.int64(1), np.int64(1), np.int64(1)]","[15, 5, 10]",1.0,1.0,5.0,15.0
2009,"['OCC_YEAR', 'OCC_DAY', 'OCC_DOY', 'LONG_LAT_PCA', 'Loca_Premi_Freq']",1.0,15.0,0.10456943241890729,"[np.int64(1), np.int64(1), np.int64(1)]","[15, 5, 10]",1.0,1.0,5.0,15.0
2010,"['OCC_YEAR', 'OCC_DAY', 'OCC_DOY', 'LONG_LAT_PCA', 'Division_Freq']",1.0,15.0,0.16593410024042354,"[np.int64(1), np.int64(1), np.int64(1)]","[15, 5, 10]",1.0,1.0,5.0,15.0
2011,"['OCC_YEAR', 'OCC_DAY', 'OCC_DOY', 'LONG_LAT_PCA', 'Division_Freq', 'LOCATION_Freq']",1.0,10.0,0.03711282238406928,"[np.int64(1), np.int64(1), np.int64(1)]","[10, 5, 15]",1.0,1.0,5.0,15.0
2012,"['OCC_YEAR', 'OCC_DAY', 'OCC_DOY', 'LONG_LAT_PCA', 'Division_Freq', 'PREMISES_Freq']",1.0,10.0,0.09031740234206789,"[np.int64(1), np.int64(1), np.int64(1)]","[10, 5, 15]",1.0,1.0,5.0,15.0
2013,"['OCC_YEAR', 'OCC_DAY', 'OCC_DOY', 'LONG_LAT_PCA', 'Division_Freq', 'Loca_Premi_Freq']",1.0,10.0,0.0900301427152342,"[np.int64(1), np.int64(1), np.int64(1)]","[10, 5, 15]",1.0,1.0,5.0,15.0
2014,"['OCC_YEAR', 'OCC_DAY', 'OCC_DOY', 'LONG_LAT_PCA', 'HOOD_Freq']",1.0,5.0,0.4279654125333993,"[np.int64(1), np.int64(1), np.int64(2), np.int64(2), np.int64(2), np.int64(1)]","[5, 10, 5, 10, 15, 15]",1.0,2.0,5.0,15.0
2015,"['OCC_YEAR', 'OCC_DAY', 'OCC_DOY', 'LONG_LAT_PCA', 'HOOD_Freq', 'LOCATION_Freq']",2.0,5.0,0.3861259556482817,"[np.int64(2), np.int64(2), np.int64(2), np.int64(1), np.int64(1), np.int64(1)]","[5, 10, 15, 15, 10, 5]",1.0,2.0,5.0,15.0
2016,"['OCC_YEAR', 'OCC_DAY', 'OCC_DOY', 'LONG_LAT_PCA', 'HOOD_Freq', 'PREMISES_Freq']",2.0,5.0,0.3858624561999093,"[np.int64(2), np.int64(2), np.int64(2), np.int64(1), np.int64(1), np.int64(1)]","[5, 10, 15, 5, 10, 15]",1.0,2.0,5.0,15.0
2017,"['OCC_YEAR', 'OCC_DAY', 'OCC_DOY', 'LONG_LAT_PCA', 'HOOD_Freq', 'Loca_Premi_Freq']",2.0,5.0,0.38849996760759503,"[np.int64(2), np.int64(2), np.int64(2), np.int64(1), np.int64(1), np.int64(1)]","[5, 10, 15, 5, 15, 10]",1.0,2.0,5.0,15.0
2018,"['OCC_YEAR', 'OCC_DAY', 'OCC_DOY', 'LONG_LAT_PCA', 'DIV_HOOD_Hier']",1.0,5.0,0.43321397310936605,"[np.int64(1), np.int64(1), np.int64(2), np.int64(2), np.int64(2), np.int64(1)]","[5, 10, 5, 10, 15, 15]",1.0,2.0,5.0,15.0
2019,"['OCC_YEAR', 'OCC_DAY', 'OCC_DOY', 'LONG_LAT_PCA', 'DIV_HOOD_Hier', 'LOCATION_Freq']",2.0,5.0,0.39102847399818147,"[np.int64(2), np.int64(2), np.int64(2), np.int64(1), np.int64(1), np.int64(1)]","[5, 10, 15, 15, 10, 5]",1.0,2.0,5.0,15.0
2020,"['OCC_YEAR', 'OCC_DAY', 'OCC_DOY', 'LONG_LAT_PCA', 'DIV_HOOD_Hier', 'PREMISES_Freq']",2.0,5.0,0.39074990183270913,"[np.int64(2), np.int64(2), np.int64(2), np.int64(3), np.int64(3), np.int64(3), np.int64(1), np.int64(1), np.int64(1)]","[5, 10, 15, 5, 10, 15, 5, 10, 15]",1.0,3.0,5.0,15.0
2021,"['OCC_YEAR', 'OCC_DAY', 'OCC_DOY', 'LONG_LAT_PCA', 'DIV_HOOD_Hier', 'Loca_Premi_Freq']",2.0,5.0,0.39333379315234074,"[np.int64(2), np.int64(2), np.int64(2), np.int64(3), np.int64(3), np.int64(3), np.int64(1), np.int64(1), np.int64(1)]","[5, 10, 15, 5, 10, 15, 5, 10, 15]",1.0,3.0,5.0,15.0
2022,"['OCC_YEAR', 'OCC_DAY', 'OCC_DOY', 'LONG_WGS84', 'LAT_WGS84']",1.0,15.0,0.22722933260864267,"[np.int64(1), np.int64(1), np.int64(1)]","[15, 10, 5]",1.0,1.0,5.0,15.0
2023,"['OCC_YEAR', 'OCC_DAY', 'OCC_DOY', 'LONG_WGS84', 'LAT_WGS84', 'LOCATION_Freq']",1.0,10.0,0.003655082393722478,"[np.int64(1), np.int64(1), np.int64(1)]","[10, 5, 15]",1.0,1.0,5.0,15.0
2024,"['OCC_YEAR', 'OCC_DAY', 'OCC_DOY', 'LONG_WGS84', 'LAT_WGS84', 'PREMISES_Freq']",1.0,10.0,0.044985009762360965,"[np.int64(1), np.int64(1), np.int64(1)]","[10, 5, 15]",1.0,1.0,5.0,15.0
2025,"['OCC_YEAR', 'OCC_DAY', 'OCC_DOY', 'LONG_WGS84', 'LAT_WGS84', 'Loca_Premi_Freq']",1.0,5.0,0.019150808486364496,"[np.int64(1), np.int64(1), np.int64(1)]","[5, 10, 15]",1.0,1.0,5.0,15.0
2026,"['OCC_YEAR', 'OCC_DAY', 'OCC_DOY', 'LONG_WGS84', 'LAT_WGS84', 'Division_Freq']",1.0,10.0,0.18190751493209234,"[np.int64(1), np.int64(1), np.int64(1)]","[10, 5, 15]",1.0,1.0,5.0,15.0
2027,"['OCC_YEAR', 'OCC_DAY', 'OCC_DOY', 'LONG_WGS84', 'LAT_WGS84', 'Division_Freq', 'LOCATION_Freq']",1.0,15.0,-0.014980706639490596,"[np.int64(1), np.int64(1), np.int64(1)]","[15, 10, 5]",1.0,1.0,5.0,15.0
2028,"['OCC_YEAR', 'OCC_DAY', 'OCC_DOY', 'LONG_WGS84', 'LAT_WGS84', 'Division_Freq', 'PREMISES_Freq']",1.0,15.0,-0.007641702255332405,"[np.int64(1), np.int64(1), np.int64(1)]","[15, 10, 5]",1.0,1.0,5.0,15.0
2029,"['OCC_YEAR', 'OCC_DAY', 'OCC_DOY', 'LONG_WGS84', 'LAT_WGS84', 'Division_Freq', 'Loca_Premi_Freq']",1.0,5.0,-0.020764734650560265,"[np.int64(1), np.int64(1), np.int64(1)]","[5, 10, 15]",1.0,1.0,5.0,15.0
2030,"['OCC_YEAR', 'OCC_DAY', 'OCC_DOY', 'LONG_WGS84', 'LAT_WGS84', 'HOOD_Freq']",2.0,5.0,0.39544815980370546,"[np.int64(2), np.int64(2), np.int64(2), np.int64(3), np.int64(3), np.int64(3), np.int64(1), np.int64(1), np.int64(1)]","[5, 10, 15, 5, 10, 15, 15, 10, 5]",1.0,3.0,5.0,15.0
2031,"['OCC_YEAR', 'OCC_DAY', 'OCC_DOY', 'LONG_WGS84', 'LAT_WGS84', 'HOOD_Freq', 'LOCATION_Freq']",2.0,5.0,0.3612246946283635,"[np.int64(2), np.int64(2), np.int64(2), np.int64(3), np.int64(3), np.int64(3), np.int64(1), np.int64(1), np.int64(1)]","[5, 10, 15, 5, 10, 15, 15, 5, 10]",1.0,3.0,5.0,15.0
2032,"['OCC_YEAR', 'OCC_DAY', 'OCC_DOY', 'LONG_WGS84', 'LAT_WGS84', 'HOOD_Freq', 'PREMISES_Freq']",2.0,5.0,0.36111463369192914,"[np.int64(2), np.int64(2), np.int64(2), np.int64(3), np.int64(3), np.int64(3), np.int64(1), np.int64(1), np.int64(1)]","[5, 10, 15, 5, 10, 15, 5, 10, 15]",1.0,3.0,5.0,15.0
2033,"['OCC_YEAR', 'OCC_DAY', 'OCC_DOY', 'LONG_WGS84', 'LAT_WGS84', 'HOOD_Freq', 'Loca_Premi_Freq']",2.0,5.0,0.36356000309295067,"[np.int64(2), np.int64(2), np.int64(2), np.int64(3), np.int64(3), np.int64(3), np.int64(1), np.int64(1), np.int64(1)]","[5, 10, 15, 5, 10, 15, 5, 10, 15]",1.0,3.0,5.0,15.0
2034,"['OCC_YEAR', 'OCC_DAY', 'OCC_DOY', 'LONG_WGS84', 'LAT_WGS84', 'DIV_HOOD_Hier']",2.0,5.0,0.4000768530289311,"[np.int64(2), np.int64(2), np.int64(2), np.int64(3), np.int64(3), np.int64(3), np.int64(1), np.int64(1), np.int64(1)]","[5, 10, 15, 5, 10, 15, 15, 10, 5]",1.0,3.0,5.0,15.0
2035,"['OCC_YEAR', 'OCC_DAY', 'OCC_DOY', 'LONG_WGS84', 'LAT_WGS84', 'DIV_HOOD_Hier', 'LOCATION_Freq']",2.0,5.0,0.3655596144012689,"[np.int64(2), np.int64(2), np.int64(2), np.int64(3), np.int64(3), np.int64(3), np.int64(1), np.int64(1), np.int64(1)]","[5, 10, 15, 5, 10, 15, 5, 15, 10]",1.0,3.0,5.0,15.0
2036,"['OCC_YEAR', 'OCC_DAY', 'OCC_DOY', 'LONG_WGS84', 'LAT_WGS84', 'DIV_HOOD_Hier', 'PREMISES_Freq']",2.0,5.0,0.3654374073092377,"[np.int64(2), np.int64(2), np.int64(2), np.int64(3), np.int64(3), np.int64(3), np.int64(1), np.int64(1), np.int64(1)]","[5, 10, 15, 5, 10, 15, 10, 5, 15]",1.0,3.0,5.0,15.0
2037,"['OCC_YEAR', 'OCC_DAY', 'OCC_DOY', 'LONG_WGS84', 'LAT_WGS84', 'DIV_HOOD_Hier', 'Loca_Premi_Freq']",2.0,5.0,0.36783924404714957,"[np.int64(2), np.int64(2), np.int64(2), np.int64(3), np.int64(3), np.int64(3), np.int64(1), np.int64(1), np.int64(1)]","[5, 10, 15, 5, 10, 15, 10, 5, 15]",1.0,3.0,5.0,15.0
2038,"['OCC_YEAR', 'OCC_DAY', 'OCC_DOY', 'OCC_DOW_Num']",,,,,,,,,
2039,"['OCC_YEAR', 'OCC_DAY', 'OCC_DOY', 'OCC_DOW_Num', 'LOCATION_Freq']",1.0,15.0,0.11715229461582409,"[np.int64(1), np.int64(1), np.int64(1)]","[15, 10, 5]",1.0,1.0,5.0,15.0
2040,"['OCC_YEAR', 'OCC_DAY', 'OCC_DOY', 'OCC_DOW_Num', 'PREMISES_Freq']",1.0,15.0,0.10088487820252143,"[np.int64(1), np.int64(1), np.int64(1)]","[15, 10, 5]",1.0,1.0,5.0,15.0
2041,"['OCC_YEAR', 'OCC_DAY', 'OCC_DOY', 'OCC_DOW_Num', 'Loca_Premi_Freq']",1.0,15.0,0.10278845797528147,"[np.int64(1), np.int64(1), np.int64(1)]","[15, 10, 5]",1.0,1.0,5.0,15.0
2042,"['OCC_YEAR', 'OCC_DAY', 'OCC_DOY', 'OCC_DOW_Num', 'Division_Freq']",1.0,10.0,0.2183646803937176,"[np.int64(1), np.int64(1)]","[10, 15]",1.0,1.0,10.0,15.0
2043,"['OCC_YEAR', 'OCC_DAY', 'OCC_DOY', 'OCC_DOW_Num', 'Division_Freq', 'LOCATION_Freq']",1.0,5.0,-0.03424220833144246,"[np.int64(1), np.int64(1), np.int64(1)]","[5, 15, 10]",1.0,1.0,5.0,15.0
2044,"['OCC_YEAR', 'OCC_DAY', 'OCC_DOY', 'OCC_DOW_Num', 'Division_Freq', 'PREMISES_Freq']",1.0,5.0,0.008991718812684155,"[np.int64(1), np.int64(1), np.int64(1)]","[5, 10, 15]",1.0,1.0,5.0,15.0
2045,"['OCC_YEAR', 'OCC_DAY', 'OCC_DOY', 'OCC_DOW_Num', 'Division_Freq', 'Loca_Premi_Freq']",1.0,10.0,0.012339970758996514,"[np.int64(1), np.int64(1), np.int64(1)]","[10, 5, 15]",1.0,1.0,5.0,15.0
2046,"['OCC_YEAR', 'OCC_DAY', 'OCC_DOY', 'OCC_DOW_Num', 'HOOD_Freq']",2.0,5.0,0.422803322128937,"[np.int64(2), np.int64(2), np.int64(2), np.int64(1), np.int64(1), np.int64(1)]","[5, 10, 15, 5, 10, 15]",1.0,2.0,5.0,15.0
2047,"['OCC_YEAR', 'OCC_DAY', 'OCC_DOY', 'OCC_DOW_Num', 'HOOD_Freq', 'LOCATION_Freq']",2.0,5.0,0.38190316120874185,"[np.int64(2), np.int64(2), np.int64(2), np.int64(1), np.int64(1), np.int64(1)]","[5, 10, 15, 5, 10, 15]",1.0,2.0,5.0,15.0
2048,"['OCC_YEAR', 'OCC_DAY', 'OCC_DOY', 'OCC_DOW_Num', 'HOOD_Freq', 'PREMISES_Freq']",2.0,5.0,0.381648285394808,"[np.int64(2), np.int64(2), np.int64(2), np.int64(1), np.int64(1), np.int64(1)]","[5, 10, 15, 5, 15, 10]",1.0,2.0,5.0,15.0
2049,"['OCC_YEAR', 'OCC_DAY', 'OCC_DOY', 'OCC_DOW_Num', 'HOOD_Freq', 'Loca_Premi_Freq']",2.0,5.0,0.3572366530274436,"[np.int64(2), np.int64(2), np.int64(2), np.int64(1), np.int64(1), np.int64(1)]","[5, 10, 15, 5, 10, 15]",1.0,2.0,5.0,15.0
2050,"['OCC_YEAR', 'OCC_DAY', 'OCC_DOY', 'OCC_DOW_Num', 'DIV_HOOD_Hier']",2.0,5.0,0.42834645562122786,"[np.int64(2), np.int64(2), np.int64(2), np.int64(1), np.int64(1), np.int64(1)]","[5, 10, 15, 5, 10, 15]",1.0,2.0,5.0,15.0
2051,"['OCC_YEAR', 'OCC_DAY', 'OCC_DOY', 'OCC_DOW_Num', 'DIV_HOOD_Hier', 'LOCATION_Freq']",2.0,5.0,0.3870656519171794,"[np.int64(2), np.int64(2), np.int64(2), np.int64(1), np.int64(1), np.int64(1)]","[5, 10, 15, 10, 5, 15]",1.0,2.0,5.0,15.0
2052,"['OCC_YEAR', 'OCC_DAY', 'OCC_DOY', 'OCC_DOW_Num', 'DIV_HOOD_Hier', 'PREMISES_Freq']",2.0,5.0,0.3867946519430491,"[np.int64(2), np.int64(2), np.int64(2), np.int64(1), np.int64(1), np.int64(1)]","[5, 10, 15, 10, 15, 5]",1.0,2.0,5.0,15.0
2053,"['OCC_YEAR', 'OCC_DAY', 'OCC_DOY', 'OCC_DOW_Num', 'DIV_HOOD_Hier', 'Loca_Premi_Freq']",2.0,5.0,0.3626515774022606,"[np.int64(2), np.int64(2), np.int64(2), np.int64(1), np.int64(1), np.int64(1)]","[5, 10, 15, 5, 10, 15]",1.0,2.0,5.0,15.0
2054,"['OCC_YEAR', 'OCC_DAY', 'OCC_DOY', 'OCC_DOW_Num', 'LONG_LAT_PCA']",1.0,5.0,0.2234515155623985,"[np.int64(1), np.int64(1), np.int64(1)]","[5, 10, 15]",1.0,1.0,5.0,15.0
2055,"['OCC_YEAR', 'OCC_DAY', 'OCC_DOY', 'OCC_DOW_Num', 'LONG_LAT_PCA', 'LOCATION_Freq']",1.0,10.0,0.038518690793321035,"[np.int64(1), np.int64(1), np.int64(1)]","[10, 5, 15]",1.0,1.0,5.0,15.0
2056,"['OCC_YEAR', 'OCC_DAY', 'OCC_DOY', 'OCC_DOW_Num', 'LONG_LAT_PCA', 'PREMISES_Freq']",1.0,15.0,0.010100652806476462,"[np.int64(1), np.int64(1), np.int64(1)]","[15, 10, 5]",1.0,1.0,5.0,15.0
2057,"['OCC_YEAR', 'OCC_DAY', 'OCC_DOY', 'OCC_DOW_Num', 'LONG_LAT_PCA', 'Loca_Premi_Freq']",1.0,15.0,0.03264535958233123,"[np.int64(1), np.int64(1), np.int64(1)]","[15, 5, 10]",1.0,1.0,5.0,15.0
2058,"['OCC_YEAR', 'OCC_DAY', 'OCC_DOY', 'OCC_DOW_Num', 'LONG_LAT_PCA', 'Division_Freq']",1.0,5.0,0.1396060184789578,"[np.int64(1), np.int64(1), np.int64(1)]","[5, 15, 10]",1.0,1.0,5.0,15.0
2059,"['OCC_YEAR', 'OCC_DAY', 'OCC_DOY', 'OCC_DOW_Num', 'LONG_LAT_PCA', 'Division_Freq', 'LOCATION_Freq']",1.0,10.0,-0.17534790717187326,"[np.int64(1), np.int64(1), np.int64(1)]","[10, 15, 5]",1.0,1.0,5.0,15.0
2060,"['OCC_YEAR', 'OCC_DAY', 'OCC_DOY', 'OCC_DOW_Num', 'LONG_LAT_PCA', 'Division_Freq', 'PREMISES_Freq']",1.0,5.0,-0.11592714774193608,"[np.int64(1), np.int64(1), np.int64(1)]","[5, 10, 15]",1.0,1.0,5.0,15.0
2061,"['OCC_YEAR', 'OCC_DAY', 'OCC_DOY', 'OCC_DOW_Num', 'LONG_LAT_PCA', 'Division_Freq', 'Loca_Premi_Freq']",1.0,5.0,-0.1824845866540782,"[np.int64(1), np.int64(1), np.int64(1)]","[5, 15, 10]",1.0,1.0,5.0,15.0
2062,"['OCC_YEAR', 'OCC_DAY', 'OCC_DOY', 'OCC_DOW_Num', 'LONG_LAT_PCA', 'HOOD_Freq']",2.0,5.0,0.3808214970799638,"[np.int64(2), np.int64(2), np.int64(2), np.int64(1), np.int64(1), np.int64(1)]","[5, 10, 15, 10, 5, 15]",1.0,2.0,5.0,15.0
2063,"['OCC_YEAR', 'OCC_DAY', 'OCC_DOY', 'OCC_DOW_Num', 'LONG_LAT_PCA', 'HOOD_Freq', 'LOCATION_Freq']",2.0,5.0,0.3477938176450552,"[np.int64(2), np.int64(2), np.int64(2), np.int64(1), np.int64(1), np.int64(1)]","[5, 10, 15, 5, 10, 15]",1.0,2.0,5.0,15.0
2064,"['OCC_YEAR', 'OCC_DAY', 'OCC_DOY', 'OCC_DOW_Num', 'LONG_LAT_PCA', 'HOOD_Freq', 'PREMISES_Freq']",2.0,5.0,0.34776983092902336,"[np.int64(2), np.int64(2), np.int64(2), np.int64(1), np.int64(1), np.int64(1)]","[5, 10, 15, 10, 5, 15]",1.0,2.0,5.0,15.0
2065,"['OCC_YEAR', 'OCC_DAY', 'OCC_DOY', 'OCC_DOW_Num', 'LONG_LAT_PCA', 'HOOD_Freq', 'Loca_Premi_Freq']",2.0,5.0,0.32230876074059983,"[np.int64(2), np.int64(2), np.int64(2), np.int64(1), np.int64(1), np.int64(1)]","[5, 10, 15, 5, 10, 15]",1.0,2.0,5.0,15.0
2066,"['OCC_YEAR', 'OCC_DAY', 'OCC_DOY', 'OCC_DOW_Num', 'LONG_LAT_PCA', 'DIV_HOOD_Hier']",2.0,5.0,0.3857753853393951,"[np.int64(2), np.int64(2), np.int64(2), np.int64(3), np.int64(3), np.int64(3), np.int64(1), np.int64(1), np.int64(1)]","[5, 10, 15, 5, 10, 15, 10, 5, 15]",1.0,3.0,5.0,15.0
2067,"['OCC_YEAR', 'OCC_DAY', 'OCC_DOY', 'OCC_DOW_Num', 'LONG_LAT_PCA', 'DIV_HOOD_Hier', 'LOCATION_Freq']",2.0,5.0,0.3524339103192052,"[np.int64(2), np.int64(2), np.int64(3), np.int64(3), np.int64(3), np.int64(2), np.int64(1), np.int64(1), np.int64(1)]","[5, 10, 5, 10, 15, 15, 5, 15, 10]",1.0,3.0,5.0,15.0
2068,"['OCC_YEAR', 'OCC_DAY', 'OCC_DOY', 'OCC_DOW_Num', 'LONG_LAT_PCA', 'DIV_HOOD_Hier', 'PREMISES_Freq']",2.0,5.0,0.3523978387403532,"[np.int64(2), np.int64(2), np.int64(3), np.int64(3), np.int64(3), np.int64(2), np.int64(1), np.int64(1), np.int64(1)]","[5, 10, 5, 10, 15, 15, 5, 10, 15]",1.0,3.0,5.0,15.0
2069,"['OCC_YEAR', 'OCC_DAY', 'OCC_DOY', 'OCC_DOW_Num', 'LONG_LAT_PCA', 'DIV_HOOD_Hier', 'Loca_Premi_Freq']",3.0,5.0,0.3548351873996,"[np.int64(3), np.int64(3), np.int64(3), np.int64(2), np.int64(2), np.int64(2), np.int64(1), np.int64(1), np.int64(1)]","[5, 10, 15, 5, 10, 15, 5, 15, 10]",1.0,3.0,5.0,15.0
2070,"['OCC_YEAR', 'OCC_DAY', 'OCC_DOY', 'OCC_DOW_Num', 'LONG_WGS84', 'LAT_WGS84']",1.0,5.0,0.15466637553834267,"[np.int64(1), np.int64(1), np.int64(1)]","[5, 15, 10]",1.0,1.0,5.0,15.0
2071,"['OCC_YEAR', 'OCC_DAY', 'OCC_DOY', 'OCC_DOW_Num', 'LONG_WGS84', 'LAT_WGS84', 'LOCATION_Freq']",1.0,15.0,-0.2063208694704733,"[np.int64(1), np.int64(1), np.int64(1)]","[15, 10, 5]",1.0,1.0,5.0,15.0
2072,"['OCC_YEAR', 'OCC_DAY', 'OCC_DOY', 'OCC_DOW_Num', 'LONG_WGS84', 'LAT_WGS84', 'PREMISES_Freq']",1.0,15.0,-0.19900922396942242,"[np.int64(1), np.int64(1), np.int64(1)]","[15, 5, 10]",1.0,1.0,5.0,15.0
2073,"['OCC_YEAR', 'OCC_DAY', 'OCC_DOY', 'OCC_DOW_Num', 'LONG_WGS84', 'LAT_WGS84', 'Loca_Premi_Freq']",1.0,15.0,-0.25578175810058507,"[np.int64(1), np.int64(1), np.int64(1)]","[15, 5, 10]",1.0,1.0,5.0,15.0
2074,"['OCC_YEAR', 'OCC_DAY', 'OCC_DOY', 'OCC_DOW_Num', 'LONG_WGS84', 'LAT_WGS84', 'Division_Freq']",1.0,10.0,-0.11677607757566949,"[np.int64(1), np.int64(1), np.int64(1)]","[10, 5, 15]",1.0,1.0,5.0,15.0
2075,"['OCC_YEAR', 'OCC_DAY', 'OCC_DOY', 'OCC_DOW_Num', 'LONG_WGS84', 'LAT_WGS84', 'Division_Freq', 'LOCATION_Freq']",2.0,15.0,0.19308853370385015,"[np.int64(2), np.int64(2), np.int64(2), np.int64(1), np.int64(1), np.int64(1)]","[15, 5, 10, 10, 15, 5]",1.0,2.0,5.0,15.0
2076,"['OCC_YEAR', 'OCC_DAY', 'OCC_DOY', 'OCC_DOW_Num', 'LONG_WGS84', 'LAT_WGS84', 'Division_Freq', 'PREMISES_Freq']",2.0,10.0,0.212391908598574,"[np.int64(2), np.int64(2), np.int64(2), np.int64(1), np.int64(1), np.int64(1)]","[10, 15, 5, 5, 10, 15]",1.0,2.0,5.0,15.0
2077,"['OCC_YEAR', 'OCC_DAY', 'OCC_DOY', 'OCC_DOW_Num', 'LONG_WGS84', 'LAT_WGS84', 'Division_Freq', 'Loca_Premi_Freq']",2.0,15.0,0.19579205369212435,"[np.int64(2), np.int64(2), np.int64(2), np.int64(1), np.int64(1), np.int64(1)]","[15, 5, 10, 15, 5, 10]",1.0,2.0,5.0,15.0
2078,"['OCC_YEAR', 'OCC_DAY', 'OCC_DOY', 'OCC_DOW_Num', 'LONG_WGS84', 'LAT_WGS84', 'HOOD_Freq']",2.0,5.0,0.3568809300016031,"[np.int64(2), np.int64(2), np.int64(2), np.int64(3), np.int64(3), np.int64(3), np.int64(1), np.int64(1), np.int64(1)]","[5, 10, 15, 5, 10, 15, 10, 5, 15]",1.0,3.0,5.0,15.0
2079,"['OCC_YEAR', 'OCC_DAY', 'OCC_DOY', 'OCC_DOW_Num', 'LONG_WGS84', 'LAT_WGS84', 'HOOD_Freq', 'LOCATION_Freq']",2.0,5.0,0.3291698624827064,"[np.int64(2), np.int64(2), np.int64(3), np.int64(3), np.int64(3), np.int64(2), np.int64(1), np.int64(1), np.int64(1)]","[5, 10, 5, 10, 15, 15, 10, 15, 5]",1.0,3.0,5.0,15.0
2080,"['OCC_YEAR', 'OCC_DAY', 'OCC_DOY', 'OCC_DOW_Num', 'LONG_WGS84', 'LAT_WGS84', 'HOOD_Freq', 'PREMISES_Freq']",2.0,5.0,0.32922696135245855,"[np.int64(2), np.int64(2), np.int64(3), np.int64(3), np.int64(3), np.int64(2), np.int64(1), np.int64(1), np.int64(1)]","[5, 10, 5, 10, 15, 15, 15, 5, 10]",1.0,3.0,5.0,15.0
2081,"['OCC_YEAR', 'OCC_DAY', 'OCC_DOY', 'OCC_DOW_Num', 'LONG_WGS84', 'LAT_WGS84', 'HOOD_Freq', 'Loca_Premi_Freq']",3.0,5.0,0.3315441691873078,"[np.int64(3), np.int64(3), np.int64(3), np.int64(2), np.int64(2), np.int64(2), np.int64(1), np.int64(1), np.int64(1)]","[5, 10, 15, 5, 10, 15, 15, 10, 5]",1.0,3.0,5.0,15.0
2082,"['OCC_YEAR', 'OCC_DAY', 'OCC_DOY', 'OCC_DOW_Num', 'LONG_WGS84', 'LAT_WGS84', 'DIV_HOOD_Hier']",2.0,5.0,0.36125721384136883,"[np.int64(2), np.int64(2), np.int64(2), np.int64(3), np.int64(3), np.int64(3), np.int64(1), np.int64(1), np.int64(1)]","[5, 10, 15, 5, 10, 15, 5, 10, 15]",1.0,3.0,5.0,15.0
2083,"['OCC_YEAR', 'OCC_DAY', 'OCC_DOY', 'OCC_DOW_Num', 'LONG_WGS84', 'LAT_WGS84', 'DIV_HOOD_Hier', 'LOCATION_Freq']",2.0,5.0,0.3332845858091964,"[np.int64(2), np.int64(2), np.int64(3), np.int64(3), np.int64(3), np.int64(2), np.int64(1), np.int64(1), np.int64(1)]","[5, 10, 5, 10, 15, 15, 15, 10, 5]",1.0,3.0,5.0,15.0
2084,"['OCC_YEAR', 'OCC_DAY', 'OCC_DOY', 'OCC_DOW_Num', 'LONG_WGS84', 'LAT_WGS84', 'DIV_HOOD_Hier', 'PREMISES_Freq']",2.0,5.0,0.33333178354779086,"[np.int64(2), np.int64(2), np.int64(3), np.int64(3), np.int64(3), np.int64(2), np.int64(1), np.int64(1), np.int64(1)]","[5, 10, 5, 10, 15, 15, 15, 5, 10]",1.0,3.0,5.0,15.0
2085,"['OCC_YEAR', 'OCC_DAY', 'OCC_DOY', 'OCC_DOW_Num', 'LONG_WGS84', 'LAT_WGS84', 'DIV_HOOD_Hier', 'Loca_Premi_Freq']",3.0,5.0,0.3356100824964706,"[np.int64(3), np.int64(3), np.int64(3), np.int64(2), np.int64(2), np.int64(2), np.int64(1), np.int64(1), np.int64(1)]","[5, 10, 15, 5, 10, 15, 15, 5, 10]",1.0,3.0,5.0,15.0
2086,"['OCC_YEAR', 'OCC_DAY', 'OCC_DOY', 'DOW_Weekend', 'DOW_Begin', 'DOW_Mid']",1.0,5.0,0.40817317918163937,"[np.int64(1), np.int64(1), np.int64(1), np.int64(2), np.int64(2), np.int64(2), np.int64(3), np.int64(3), np.int64(3)]","[5, 10, 15, 5, 10, 15, 5, 10, 15]",1.0,3.0,5.0,15.0
2087,"['OCC_YEAR', 'OCC_DAY', 'OCC_DOY', 'DOW_Weekend', 'DOW_Begin', 'DOW_Mid', 'LOCATION_Freq']",2.0,5.0,0.3506401608289146,"[np.int64(2), np.int64(2), np.int64(2), np.int64(3), np.int64(3), np.int64(3), np.int64(1), np.int64(1), np.int64(1)]","[5, 10, 15, 5, 10, 15, 5, 15, 10]",1.0,3.0,5.0,15.0
2088,"['OCC_YEAR', 'OCC_DAY', 'OCC_DOY', 'DOW_Weekend', 'DOW_Begin', 'DOW_Mid', 'PREMISES_Freq']",2.0,5.0,0.3494474383954948,"[np.int64(2), np.int64(2), np.int64(2), np.int64(3), np.int64(3), np.int64(3), np.int64(1), np.int64(1), np.int64(1)]","[5, 10, 15, 5, 10, 15, 5, 15, 10]",1.0,3.0,5.0,15.0
2089,"['OCC_YEAR', 'OCC_DAY', 'OCC_DOY', 'DOW_Weekend', 'DOW_Begin', 'DOW_Mid', 'Loca_Premi_Freq']",2.0,5.0,0.34963014412956606,"[np.int64(2), np.int64(2), np.int64(2), np.int64(3), np.int64(3), np.int64(3), np.int64(1), np.int64(1), np.int64(1)]","[5, 10, 15, 5, 10, 15, 10, 5, 15]",1.0,3.0,5.0,15.0
2090,"['OCC_YEAR', 'OCC_DAY', 'OCC_DOY', 'DOW_Weekend', 'DOW_Begin', 'DOW_Mid', 'Division_Freq']",1.0,5.0,0.3442539388074801,"[np.int64(1), np.int64(2), np.int64(2), np.int64(2), np.int64(1), np.int64(1), np.int64(3), np.int64(3), np.int64(3)]","[5, 5, 10, 15, 15, 10, 5, 10, 15]",1.0,3.0,5.0,15.0
2091,"['OCC_YEAR', 'OCC_DAY', 'OCC_DOY', 'DOW_Weekend', 'DOW_Begin', 'DOW_Mid', 'Division_Freq', 'LOCATION_Freq']",2.0,5.0,0.3020063540240754,"[np.int64(2), np.int64(2), np.int64(2), np.int64(3), np.int64(3), np.int64(3), np.int64(1), np.int64(1), np.int64(1)]","[5, 10, 15, 5, 10, 15, 5, 10, 15]",1.0,3.0,5.0,15.0
2092,"['OCC_YEAR', 'OCC_DAY', 'OCC_DOY', 'DOW_Weekend', 'DOW_Begin', 'DOW_Mid', 'Division_Freq', 'PREMISES_Freq']",2.0,5.0,0.30126244780755757,"[np.int64(2), np.int64(2), np.int64(2), np.int64(3), np.int64(3), np.int64(3), np.int64(1), np.int64(1), np.int64(1)]","[5, 10, 15, 5, 10, 15, 5, 10, 15]",1.0,3.0,5.0,15.0
2093,"['OCC_YEAR', 'OCC_DAY', 'OCC_DOY', 'DOW_Weekend', 'DOW_Begin', 'DOW_Mid', 'Division_Freq', 'Loca_Premi_Freq']",2.0,5.0,0.30144479748425496,"[np.int64(2), np.int64(2), np.int64(2), np.int64(3), np.int64(3), np.int64(3), np.int64(1), np.int64(1), np.int64(1)]","[5, 10, 15, 5, 10, 15, 5, 10, 15]",1.0,3.0,5.0,15.0
2094,"['OCC_YEAR', 'OCC_DAY', 'OCC_DOY', 'DOW_Weekend', 'DOW_Begin', 'DOW_Mid', 'HOOD_Freq']",2.0,5.0,0.3989623757352236,"[np.int64(2), np.int64(2), np.int64(2), np.int64(1), np.int64(1), np.int64(1), np.int64(3), np.int64(3), np.int64(3)]","[5, 10, 15, 5, 10, 15, 5, 10, 15]",1.0,3.0,5.0,15.0
2095,"['OCC_YEAR', 'OCC_DAY', 'OCC_DOY', 'DOW_Weekend', 'DOW_Begin', 'DOW_Mid', 'HOOD_Freq', 'LOCATION_Freq']",2.0,15.0,0.342088118235178,"[np.int64(2), np.int64(2), np.int64(2), np.int64(3), np.int64(3), np.int64(3), np.int64(1), np.int64(1), np.int64(1)]","[15, 10, 5, 5, 10, 15, 5, 10, 15]",1.0,3.0,5.0,15.0
2096,"['OCC_YEAR', 'OCC_DAY', 'OCC_DOY', 'DOW_Weekend', 'DOW_Begin', 'DOW_Mid', 'HOOD_Freq', 'PREMISES_Freq']",2.0,15.0,0.34059738103959414,"[np.int64(2), np.int64(2), np.int64(2), np.int64(3), np.int64(3), np.int64(3), np.int64(1), np.int64(1), np.int64(1)]","[15, 10, 5, 5, 10, 15, 5, 10, 15]",1.0,3.0,5.0,15.0
2097,"['OCC_YEAR', 'OCC_DAY', 'OCC_DOY', 'DOW_Weekend', 'DOW_Begin', 'DOW_Mid', 'HOOD_Freq', 'Loca_Premi_Freq']",2.0,15.0,0.33970342954141913,"[np.int64(2), np.int64(2), np.int64(2), np.int64(3), np.int64(3), np.int64(3), np.int64(1), np.int64(1), np.int64(1)]","[15, 10, 5, 5, 10, 15, 5, 10, 15]",1.0,3.0,5.0,15.0
2098,"['OCC_YEAR', 'OCC_DAY', 'OCC_DOY', 'DOW_Weekend', 'DOW_Begin', 'DOW_Mid', 'DIV_HOOD_Hier']",2.0,5.0,0.4011952399617349,"[np.int64(2), np.int64(2), np.int64(2), np.int64(1), np.int64(1), np.int64(1), np.int64(3), np.int64(3), np.int64(3)]","[5, 10, 15, 5, 10, 15, 5, 10, 15]",1.0,3.0,5.0,15.0
2099,"['OCC_YEAR', 'OCC_DAY', 'OCC_DOY', 'DOW_Weekend', 'DOW_Begin', 'DOW_Mid', 'DIV_HOOD_Hier', 'LOCATION_Freq']",2.0,15.0,0.3439553190440592,"[np.int64(2), np.int64(2), np.int64(2), np.int64(3), np.int64(3), np.int64(3), np.int64(1), np.int64(1), np.int64(1)]","[15, 10, 5, 5, 10, 15, 5, 10, 15]",1.0,3.0,5.0,15.0
2100,"['OCC_YEAR', 'OCC_DAY', 'OCC_DOY', 'DOW_Weekend', 'DOW_Begin', 'DOW_Mid', 'DIV_HOOD_Hier', 'PREMISES_Freq']",2.0,15.0,0.34242271513369515,"[np.int64(2), np.int64(2), np.int64(2), np.int64(3), np.int64(3), np.int64(3), np.int64(1), np.int64(1), np.int64(1)]","[15, 10, 5, 5, 10, 15, 5, 10, 15]",1.0,3.0,5.0,15.0
2101,"['OCC_YEAR', 'OCC_DAY', 'OCC_DOY', 'DOW_Weekend', 'DOW_Begin', 'DOW_Mid', 'DIV_HOOD_Hier', 'Loca_Premi_Freq']",2.0,15.0,0.3423115174644697,"[np.int64(2), np.int64(2), np.int64(2), np.int64(3), np.int64(3), np.int64(3), np.int64(1), np.int64(1), np.int64(1)]","[15, 10, 5, 5, 10, 15, 5, 10, 15]",1.0,3.0,5.0,15.0
2102,"['OCC_YEAR', 'OCC_DAY', 'OCC_DOY', 'DOW_Weekend', 'DOW_Begin', 'DOW_Mid', 'LONG_LAT_PCA']",2.0,5.0,0.34591822739009503,"[np.int64(2), np.int64(2), np.int64(2), np.int64(1), np.int64(1), np.int64(1), np.int64(3), np.int64(3), np.int64(3)]","[5, 10, 15, 15, 10, 5, 5, 10, 15]",1.0,3.0,5.0,15.0
2103,"['OCC_YEAR', 'OCC_DAY', 'OCC_DOY', 'DOW_Weekend', 'DOW_Begin', 'DOW_Mid', 'LONG_LAT_PCA', 'LOCATION_Freq']",2.0,5.0,0.3033162478277551,"[np.int64(2), np.int64(2), np.int64(2), np.int64(3), np.int64(3), np.int64(3), np.int64(1), np.int64(1), np.int64(1)]","[5, 10, 15, 5, 10, 15, 5, 10, 15]",1.0,3.0,5.0,15.0
2104,"['OCC_YEAR', 'OCC_DAY', 'OCC_DOY', 'DOW_Weekend', 'DOW_Begin', 'DOW_Mid', 'LONG_LAT_PCA', 'PREMISES_Freq']",2.0,5.0,0.3028645843034114,"[np.int64(2), np.int64(2), np.int64(2), np.int64(3), np.int64(3), np.int64(3), np.int64(1), np.int64(1), np.int64(1)]","[5, 10, 15, 5, 10, 15, 5, 10, 15]",1.0,3.0,5.0,15.0
2105,"['OCC_YEAR', 'OCC_DAY', 'OCC_DOY', 'DOW_Weekend', 'DOW_Begin', 'DOW_Mid', 'LONG_LAT_PCA', 'Loca_Premi_Freq']",2.0,5.0,0.30301681287411786,"[np.int64(2), np.int64(2), np.int64(2), np.int64(3), np.int64(3), np.int64(3), np.int64(1), np.int64(1), np.int64(1)]","[5, 10, 15, 5, 10, 15, 5, 15, 10]",1.0,3.0,5.0,15.0
2106,"['OCC_YEAR', 'OCC_DAY', 'OCC_DOY', 'DOW_Weekend', 'DOW_Begin', 'DOW_Mid', 'LONG_LAT_PCA', 'Division_Freq']",2.0,5.0,0.29830815877381667,"[np.int64(2), np.int64(2), np.int64(2), np.int64(3), np.int64(3), np.int64(3), np.int64(1), np.int64(1), np.int64(1)]","[5, 10, 15, 5, 10, 15, 5, 10, 15]",1.0,3.0,5.0,15.0
2107,"['OCC_YEAR', 'OCC_DAY', 'OCC_DOY', 'DOW_Weekend', 'DOW_Begin', 'DOW_Mid', 'LONG_LAT_PCA', 'Division_Freq', 'LOCATION_Freq']",2.0,5.0,0.26582195188199953,"[np.int64(2), np.int64(2), np.int64(2), np.int64(3), np.int64(3), np.int64(3), np.int64(1), np.int64(1), np.int64(1)]","[5, 10, 15, 5, 10, 15, 10, 15, 5]",1.0,3.0,5.0,15.0
2108,"['OCC_YEAR', 'OCC_DAY', 'OCC_DOY', 'DOW_Weekend', 'DOW_Begin', 'DOW_Mid', 'LONG_LAT_PCA', 'Division_Freq', 'PREMISES_Freq']",2.0,5.0,0.26549783115064507,"[np.int64(2), np.int64(2), np.int64(2), np.int64(3), np.int64(3), np.int64(3), np.int64(1), np.int64(1), np.int64(1)]","[5, 15, 10, 5, 10, 15, 5, 10, 15]",1.0,3.0,5.0,15.0
2109,"['OCC_YEAR', 'OCC_DAY', 'OCC_DOY', 'DOW_Weekend', 'DOW_Begin', 'DOW_Mid', 'LONG_LAT_PCA', 'Division_Freq', 'Loca_Premi_Freq']",2.0,5.0,0.2656380621984377,"[np.int64(2), np.int64(2), np.int64(2), np.int64(3), np.int64(3), np.int64(3), np.int64(1), np.int64(1), np.int64(1)]","[5, 10, 15, 5, 10, 15, 5, 10, 15]",1.0,3.0,5.0,15.0
2110,"['OCC_YEAR', 'OCC_DAY', 'OCC_DOY', 'DOW_Weekend', 'DOW_Begin', 'DOW_Mid', 'LONG_LAT_PCA', 'HOOD_Freq']",2.0,5.0,0.34154338919797944,"[np.int64(2), np.int64(2), np.int64(2), np.int64(1), np.int64(1), np.int64(1), np.int64(3), np.int64(3), np.int64(3)]","[5, 10, 15, 5, 10, 15, 5, 10, 15]",1.0,3.0,5.0,15.0
2111,"['OCC_YEAR', 'OCC_DAY', 'OCC_DOY', 'DOW_Weekend', 'DOW_Begin', 'DOW_Mid', 'LONG_LAT_PCA', 'HOOD_Freq', 'LOCATION_Freq']",2.0,15.0,0.29781383724792615,"[np.int64(2), np.int64(2), np.int64(2), np.int64(3), np.int64(3), np.int64(3), np.int64(1), np.int64(1), np.int64(1)]","[15, 10, 5, 5, 10, 15, 5, 10, 15]",1.0,3.0,5.0,15.0
2112,"['OCC_YEAR', 'OCC_DAY', 'OCC_DOY', 'DOW_Weekend', 'DOW_Begin', 'DOW_Mid', 'LONG_LAT_PCA', 'HOOD_Freq', 'PREMISES_Freq']",2.0,10.0,0.29699280690440705,"[np.int64(2), np.int64(2), np.int64(2), np.int64(3), np.int64(3), np.int64(3), np.int64(1), np.int64(1), np.int64(1)]","[10, 15, 5, 5, 10, 15, 5, 10, 15]",1.0,3.0,5.0,15.0
2113,"['OCC_YEAR', 'OCC_DAY', 'OCC_DOY', 'DOW_Weekend', 'DOW_Begin', 'DOW_Mid', 'LONG_LAT_PCA', 'HOOD_Freq', 'Loca_Premi_Freq']",2.0,15.0,0.2953773729178279,"[np.int64(2), np.int64(2), np.int64(2), np.int64(3), np.int64(3), np.int64(3), np.int64(1), np.int64(1), np.int64(1)]","[15, 10, 5, 5, 10, 15, 5, 10, 15]",1.0,3.0,5.0,15.0
2114,"['OCC_YEAR', 'OCC_DAY', 'OCC_DOY', 'DOW_Weekend', 'DOW_Begin', 'DOW_Mid', 'LONG_LAT_PCA', 'DIV_HOOD_Hier']",2.0,5.0,0.3437341543096473,"[np.int64(2), np.int64(2), np.int64(2), np.int64(1), np.int64(1), np.int64(1), np.int64(3), np.int64(3), np.int64(3)]","[5, 10, 15, 5, 10, 15, 5, 10, 15]",1.0,3.0,5.0,15.0
2115,"['OCC_YEAR', 'OCC_DAY', 'OCC_DOY', 'DOW_Weekend', 'DOW_Begin', 'DOW_Mid', 'LONG_LAT_PCA', 'DIV_HOOD_Hier', 'LOCATION_Freq']",2.0,15.0,0.2997102022621216,"[np.int64(2), np.int64(2), np.int64(2), np.int64(3), np.int64(3), np.int64(3), np.int64(1), np.int64(1), np.int64(1)]","[15, 10, 5, 5, 10, 15, 5, 10, 15]",1.0,3.0,5.0,15.0
2116,"['OCC_YEAR', 'OCC_DAY', 'OCC_DOY', 'DOW_Weekend', 'DOW_Begin', 'DOW_Mid', 'LONG_LAT_PCA', 'DIV_HOOD_Hier', 'PREMISES_Freq']",2.0,15.0,0.29885584997946807,"[np.int64(2), np.int64(2), np.int64(2), np.int64(3), np.int64(3), np.int64(3), np.int64(1), np.int64(1), np.int64(1)]","[15, 10, 5, 5, 10, 15, 5, 10, 15]",1.0,3.0,5.0,15.0
2117,"['OCC_YEAR', 'OCC_DAY', 'OCC_DOY', 'DOW_Weekend', 'DOW_Begin', 'DOW_Mid', 'LONG_LAT_PCA', 'DIV_HOOD_Hier', 'Loca_Premi_Freq']",2.0,15.0,0.29762109293731936,"[np.int64(2), np.int64(2), np.int64(2), np.int64(3), np.int64(3), np.int64(3), np.int64(1), np.int64(1), np.int64(1)]","[15, 10, 5, 5, 10, 15, 5, 10, 15]",1.0,3.0,5.0,15.0
2118,"['OCC_YEAR', 'OCC_DAY', 'OCC_DOY', 'DOW_Weekend', 'DOW_Begin', 'DOW_Mid', 'LONG_WGS84', 'LAT_WGS84']",2.0,5.0,0.3006879865673037,"[np.int64(2), np.int64(2), np.int64(2), np.int64(1), np.int64(1), np.int64(3), np.int64(3), np.int64(3), np.int64(1)]","[5, 10, 15, 10, 5, 5, 10, 15, 15]",1.0,3.0,5.0,15.0
2119,"['OCC_YEAR', 'OCC_DAY', 'OCC_DOY', 'DOW_Weekend', 'DOW_Begin', 'DOW_Mid', 'LONG_WGS84', 'LAT_WGS84', 'LOCATION_Freq']",2.0,5.0,0.26775510101493455,"[np.int64(2), np.int64(2), np.int64(2), np.int64(3), np.int64(3), np.int64(3), np.int64(1), np.int64(1), np.int64(1)]","[5, 10, 15, 5, 10, 15, 15, 10, 5]",1.0,3.0,5.0,15.0
2120,"['OCC_YEAR', 'OCC_DAY', 'OCC_DOY', 'DOW_Weekend', 'DOW_Begin', 'DOW_Mid', 'LONG_WGS84', 'LAT_WGS84', 'PREMISES_Freq']",2.0,5.0,0.26747407937543694,"[np.int64(2), np.int64(2), np.int64(2), np.int64(3), np.int64(3), np.int64(3), np.int64(1), np.int64(1), np.int64(1)]","[5, 10, 15, 5, 10, 15, 5, 10, 15]",1.0,3.0,5.0,15.0
2121,"['OCC_YEAR', 'OCC_DAY', 'OCC_DOY', 'DOW_Weekend', 'DOW_Begin', 'DOW_Mid', 'LONG_WGS84', 'LAT_WGS84', 'Loca_Premi_Freq']",2.0,5.0,0.26762544650166314,"[np.int64(2), np.int64(2), np.int64(2), np.int64(3), np.int64(3), np.int64(3), np.int64(1), np.int64(1), np.int64(1)]","[5, 10, 15, 5, 10, 15, 5, 10, 15]",1.0,3.0,5.0,15.0
2122,"['OCC_YEAR', 'OCC_DAY', 'OCC_DOY', 'DOW_Weekend', 'DOW_Begin', 'DOW_Mid', 'LONG_WGS84', 'LAT_WGS84', 'Division_Freq']",2.0,5.0,0.2659442629679661,"[np.int64(2), np.int64(2), np.int64(2), np.int64(3), np.int64(3), np.int64(3), np.int64(1), np.int64(1), np.int64(1)]","[5, 10, 15, 5, 10, 15, 5, 10, 15]",1.0,3.0,5.0,15.0
2123,"['OCC_YEAR', 'OCC_DAY', 'OCC_DOY', 'DOW_Weekend', 'DOW_Begin', 'DOW_Mid', 'LONG_WGS84', 'LAT_WGS84', 'Division_Freq', 'LOCATION_Freq']",2.0,15.0,0.22456459471178122,"[np.int64(2), np.int64(2), np.int64(2), np.int64(3), np.int64(3), np.int64(3), np.int64(1), np.int64(1), np.int64(1)]","[15, 10, 5, 5, 10, 15, 10, 5, 15]",1.0,3.0,5.0,15.0
2124,"['OCC_YEAR', 'OCC_DAY', 'OCC_DOY', 'DOW_Weekend', 'DOW_Begin', 'DOW_Mid', 'LONG_WGS84', 'LAT_WGS84', 'Division_Freq', 'PREMISES_Freq']",2.0,15.0,0.22398162710961966,"[np.int64(2), np.int64(2), np.int64(2), np.int64(3), np.int64(3), np.int64(3), np.int64(1), np.int64(1), np.int64(1)]","[15, 10, 5, 5, 10, 15, 5, 10, 15]",1.0,3.0,5.0,15.0
2125,"['OCC_YEAR', 'OCC_DAY', 'OCC_DOY', 'DOW_Weekend', 'DOW_Begin', 'DOW_Mid', 'LONG_WGS84', 'LAT_WGS84', 'Division_Freq', 'Loca_Premi_Freq']",2.0,5.0,0.21422768155431132,"[np.int64(2), np.int64(2), np.int64(2), np.int64(3), np.int64(3), np.int64(3), np.int64(1), np.int64(1), np.int64(1)]","[5, 15, 10, 5, 10, 15, 5, 15, 10]",1.0,3.0,5.0,15.0
2126,"['OCC_YEAR', 'OCC_DAY', 'OCC_DOY', 'DOW_Weekend', 'DOW_Begin', 'DOW_Mid', 'LONG_WGS84', 'LAT_WGS84', 'HOOD_Freq']",2.0,5.0,0.30097960010366254,"[np.int64(2), np.int64(2), np.int64(2), np.int64(1), np.int64(3), np.int64(3), np.int64(3), np.int64(1), np.int64(1)]","[5, 10, 15, 10, 5, 10, 15, 5, 15]",1.0,3.0,5.0,15.0
2127,"['OCC_YEAR', 'OCC_DAY', 'OCC_DOY', 'DOW_Weekend', 'DOW_Begin', 'DOW_Mid', 'LONG_WGS84', 'LAT_WGS84', 'HOOD_Freq', 'LOCATION_Freq']",2.0,10.0,0.265404115232732,"[np.int64(2), np.int64(2), np.int64(2), np.int64(3), np.int64(3), np.int64(3), np.int64(1), np.int64(1), np.int64(1)]","[10, 15, 5, 5, 10, 15, 10, 15, 5]",1.0,3.0,5.0,15.0
2128,"['OCC_YEAR', 'OCC_DAY', 'OCC_DOY', 'DOW_Weekend', 'DOW_Begin', 'DOW_Mid', 'LONG_WGS84', 'LAT_WGS84', 'HOOD_Freq', 'PREMISES_Freq']",2.0,10.0,0.26523058164734337,"[np.int64(2), np.int64(2), np.int64(2), np.int64(3), np.int64(3), np.int64(3), np.int64(1), np.int64(1), np.int64(1)]","[10, 15, 5, 5, 10, 15, 5, 15, 10]",1.0,3.0,5.0,15.0
2129,"['OCC_YEAR', 'OCC_DAY', 'OCC_DOY', 'DOW_Weekend', 'DOW_Begin', 'DOW_Mid', 'LONG_WGS84', 'LAT_WGS84', 'HOOD_Freq', 'Loca_Premi_Freq']",2.0,10.0,0.2603649702690039,"[np.int64(2), np.int64(2), np.int64(2), np.int64(3), np.int64(3), np.int64(3), np.int64(1), np.int64(1), np.int64(1)]","[10, 5, 15, 5, 10, 15, 5, 15, 10]",1.0,3.0,5.0,15.0
2130,"['OCC_YEAR', 'OCC_DAY', 'OCC_DOY', 'DOW_Weekend', 'DOW_Begin', 'DOW_Mid', 'LONG_WGS84', 'LAT_WGS84', 'DIV_HOOD_Hier']",2.0,5.0,0.3030315867392361,"[np.int64(2), np.int64(2), np.int64(2), np.int64(3), np.int64(3), np.int64(3), np.int64(1), np.int64(1), np.int64(1)]","[5, 10, 15, 5, 10, 15, 5, 10, 15]",1.0,3.0,5.0,15.0
2131,"['OCC_YEAR', 'OCC_DAY', 'OCC_DOY', 'DOW_Weekend', 'DOW_Begin', 'DOW_Mid', 'LONG_WGS84', 'LAT_WGS84', 'DIV_HOOD_Hier', 'LOCATION_Freq']",2.0,10.0,0.2672076323118812,"[np.int64(2), np.int64(2), np.int64(2), np.int64(3), np.int64(3), np.int64(3), np.int64(1), np.int64(1), np.int64(1)]","[10, 15, 5, 5, 10, 15, 10, 15, 5]",1.0,3.0,5.0,15.0
2132,"['OCC_YEAR', 'OCC_DAY', 'OCC_DOY', 'DOW_Weekend', 'DOW_Begin', 'DOW_Mid', 'LONG_WGS84', 'LAT_WGS84', 'DIV_HOOD_Hier', 'PREMISES_Freq']",2.0,10.0,0.2669372915809971,"[np.int64(2), np.int64(2), np.int64(2), np.int64(3), np.int64(3), np.int64(3), np.int64(1), np.int64(1), np.int64(1)]","[10, 15, 5, 5, 10, 15, 5, 10, 15]",1.0,3.0,5.0,15.0
2133,"['OCC_YEAR', 'OCC_DAY', 'OCC_DOY', 'DOW_Weekend', 'DOW_Begin', 'DOW_Mid', 'LONG_WGS84', 'LAT_WGS84', 'DIV_HOOD_Hier', 'Loca_Premi_Freq']",2.0,10.0,0.262440700647707,"[np.int64(2), np.int64(2), np.int64(2), np.int64(3), np.int64(3), np.int64(3), np.int64(1), np.int64(1), np.int64(1)]","[10, 5, 15, 5, 10, 15, 5, 10, 15]",1.0,3.0,5.0,15.0
2134,"['OCC_YEAR', 'OCC_DAY', 'OCC_MONTH_Num', 'LOCATION_Freq']",1.0,5.0,0.1568807958474029,"[np.int64(1), np.int64(1), np.int64(1)]","[5, 10, 15]",1.0,1.0,5.0,15.0
2135,"['OCC_YEAR', 'OCC_DAY', 'OCC_MONTH_Num', 'PREMISES_Freq']",1.0,5.0,0.1360676687753526,"[np.int64(1), np.int64(1), np.int64(1)]","[5, 10, 15]",1.0,1.0,5.0,15.0
2136,"['OCC_YEAR', 'OCC_DAY', 'OCC_MONTH_Num', 'Loca_Premi_Freq']",1.0,5.0,0.14332165113618467,"[np.int64(1), np.int64(1), np.int64(1)]","[5, 10, 15]",1.0,1.0,5.0,15.0
2137,"['OCC_YEAR', 'OCC_DAY', 'OCC_MONTH_Num', 'Division_Freq']",,,,,,,,,
2138,"['OCC_YEAR', 'OCC_DAY', 'OCC_MONTH_Num', 'Division_Freq', 'LOCATION_Freq']",1.0,5.0,0.1357575515539218,"[np.int64(1), np.int64(1), np.int64(1)]","[5, 10, 15]",1.0,1.0,5.0,15.0
2139,"['OCC_YEAR', 'OCC_DAY', 'OCC_MONTH_Num', 'Division_Freq', 'PREMISES_Freq']",1.0,15.0,0.09898164622585089,"[np.int64(1), np.int64(1), np.int64(1)]","[15, 10, 5]",1.0,1.0,5.0,15.0
2140,"['OCC_YEAR', 'OCC_DAY', 'OCC_MONTH_Num', 'Division_Freq', 'Loca_Premi_Freq']",1.0,15.0,0.10574726895620909,"[np.int64(1), np.int64(1), np.int64(1)]","[15, 10, 5]",1.0,1.0,5.0,15.0
2141,"['OCC_YEAR', 'OCC_DAY', 'OCC_MONTH_Num', 'HOOD_Freq']",1.0,5.0,0.48290840282283637,"[np.int64(1), np.int64(1), np.int64(1), np.int64(2), np.int64(2), np.int64(2)]","[5, 10, 15, 5, 10, 15]",1.0,2.0,5.0,15.0
2142,"['OCC_YEAR', 'OCC_DAY', 'OCC_MONTH_Num', 'HOOD_Freq', 'LOCATION_Freq']",2.0,5.0,0.429468948109046,"[np.int64(2), np.int64(2), np.int64(2), np.int64(1), np.int64(1), np.int64(1)]","[5, 10, 15, 15, 10, 5]",1.0,2.0,5.0,15.0
2143,"['OCC_YEAR', 'OCC_DAY', 'OCC_MONTH_Num', 'HOOD_Freq', 'PREMISES_Freq']",2.0,5.0,0.4287525259864081,"[np.int64(2), np.int64(2), np.int64(2), np.int64(1), np.int64(1), np.int64(1)]","[5, 10, 15, 5, 10, 15]",1.0,2.0,5.0,15.0
2144,"['OCC_YEAR', 'OCC_DAY', 'OCC_MONTH_Num', 'HOOD_Freq', 'Loca_Premi_Freq']",2.0,5.0,0.4315160876215883,"[np.int64(2), np.int64(2), np.int64(2), np.int64(1), np.int64(1), np.int64(1)]","[5, 10, 15, 5, 10, 15]",1.0,2.0,5.0,15.0
2145,"['OCC_YEAR', 'OCC_DAY', 'OCC_MONTH_Num', 'DIV_HOOD_Hier']",1.0,5.0,0.4888377431432948,"[np.int64(1), np.int64(1), np.int64(1), np.int64(2), np.int64(2), np.int64(2)]","[5, 10, 15, 5, 10, 15]",1.0,2.0,5.0,15.0
